id;acuerdo;version;codigo;fecha
1;sky blue ADP Metal;SDD Agent;bypassing SMTP;2020-10-07
2;auxiliary Alabama;Sports;Switzerland Bangladesh Facilitator;2020-10-08
3;integrate Supervisor;leading-edge Circles FTP;channels;2020-10-07
4;Fresh withdrawal Gorgeous Steel Chips;HDD driver;dynamic success;2020-10-07
5;indigo;Kyat Licensed Granite Tuna Paradigm;Montana Fresh;2020-10-07
6;Square Hawaii Avon;Coordinator Re-contextualized;transmitter;2020-10-07
7;virtual;conglomeration;Tenge;2020-10-07
8;programming Incredible Fresh Hat bypassing;calculating;THX;2020-10-08
9;Executive;partnerships Fantastic;calculating;2020-10-07
10;olive;Steel circuit withdrawal;Ball Auto Loan Account;2020-10-07
